,test_in,test_out
0,0.0028325996608959186,0.019000621256430688
