,test_in,test_out
0,0.0011644505013987552,0.0017500166381151608
